{"stats":{"minecraft:killed_by":{"minecraft:player":7,"minecraft:spider":1,"minecraft:warden":1,"minecraft:skeleton":1,"minecraft:blaze":1,"minecraft:zombie":3},"minecraft:picked_up":{"minecraft:crafting_table":18,"minecraft:wooden_pickaxe":2,"minecraft:string":99,"minecraft:wooden_sword":1,"minecraft:iron_leggings":1,"minecraft:blackstone":1,"minecraft:cobbled_deepslate":58,"minecraft:beef":5,"minecraft:chest":4,"minecraft:birch_sapling":10,"minecraft:furnace":5,"minecraft:stick":4,"minecraft:raw_iron":100,"minecraft:torch":2,"minecraft:porkchop":3,"minecraft:pointed_dripstone":8,"minecraft:diorite":1,"minecraft:trident":1,"minecraft:redstone":4,"minecraft:stone_sword":1,"minecraft:arrow":22,"minecraft:rotten_flesh":60,"minecraft:nether_bricks":65,"minecraft:blaze_rod":2,"minecraft:obsidian":14,"minecraft:white_wool":1,"minecraft:cobblestone":115,"minecraft:birch_log":64,"minecraft:basalt":13,"minecraft:andesite":1,"minecraft:leather":4,"minecraft:birch_planks":61,"minecraft:flint":11,"minecraft:tuff":10,"minecraft:gunpowder":3,"minecraft:dirt":8,"minecraft:bone":17,"minecraft:bow":1,"minecraft:wheat_seeds":3,"minecraft:raw_gold":12,"minecraft:iron_ingot":9,"minecraft:soul_sand":20,"minecraft:smooth_basalt":6,"minecraft:cooked_porkchop":7,"minecraft:dripstone_block":11,"minecraft:raw_iron_block":1,"minecraft:gravel":63,"minecraft:sand":378,"minecraft:blast_furnace":1,"minecraft:nether_brick_stairs":2,"minecraft:spider_eye":1,"minecraft:diamond":17,"minecraft:granite":1,"minecraft:coal":220},"minecraft:killed":{"minecraft:spider":5,"minecraft:skeleton":23,"minecraft:drowned":13,"minecraft:pig":3,"minecraft:zombie_villager":1,"minecraft:creeper":1,"minecraft:zombie":37,"minecraft:wither_skeleton":3,"minecraft:blaze":5,"minecraft:cow":2},"minecraft:crafted":{"minecraft:wooden_sword":1,"minecraft:smooth_stone":3,"minecraft:raw_iron":9,"minecraft:furnace":1,"minecraft:blast_furnace":1,"minecraft:stone":3,"minecraft:flint_and_steel":1,"minecraft:glass":75,"minecraft:bow":2,"minecraft:iron_boots":1,"minecraft:iron_axe":1,"minecraft:stone_pickaxe":1,"minecraft:chest":4,"minecraft:cooked_beef":5,"minecraft:cooked_porkchop":3,"minecraft:crafting_table":1,"minecraft:wooden_pickaxe":1,"minecraft:iron_helmet":2,"minecraft:iron_sword":2,"minecraft:bucket":1,"minecraft:birch_planks":256,"minecraft:stone_axe":1,"minecraft:air":0,"minecraft:white_wool":2,"minecraft:iron_chestplate":1,"minecraft:diamond_pickaxe":1,"minecraft:shield":2,"minecraft:stick":28,"minecraft:iron_ingot":98,"minecraft:iron_pickaxe":1,"minecraft:wooden_axe":1,"minecraft:stone_sword":1,"minecraft:iron_shovel":2,"minecraft:torch":4},"minecraft:custom":{"minecraft:mob_kills":99,"minecraft:interact_with_crafting_table":40,"minecraft:leave_game":11,"minecraft:time_since_death":0,"minecraft:climb_one_cm":2062,"minecraft:sprint_one_cm":290565,"minecraft:walk_one_cm":478305,"minecraft:damage_blocked_by_shield":4045,"minecraft:drop":51,"minecraft:talked_to_villager":16,"minecraft:play_time":175634,"minecraft:deaths":18,"minecraft:sneak_time":16032,"minecraft:walk_under_water_one_cm":84985,"minecraft:jump":1630,"minecraft:interact_with_blast_furnace":16,"minecraft:walk_on_water_one_cm":67424,"minecraft:total_world_time":175634,"minecraft:interact_with_furnace":51,"minecraft:time_since_rest":1,"minecraft:damage_taken":7287,"minecraft:damage_dealt":19432,"minecraft:swim_one_cm":42460,"minecraft:fly_one_cm":216689,"minecraft:open_chest":58,"minecraft:crouch_one_cm":42603,"minecraft:fall_one_cm":58814},"minecraft:broken":{"minecraft:iron_shovel":2,"minecraft:iron_boots":1,"minecraft:stone_axe":1,"minecraft:iron_pickaxe":1},"minecraft:dropped":{"minecraft:nether_brick_stairs":2,"minecraft:birch_planks":1,"minecraft:wheat_seeds":3,"minecraft:lapis_lazuli":3,"minecraft:glow_berries":3,"minecraft:leather":6,"minecraft:flint":2,"minecraft:dirt":6,"minecraft:diorite":1,"minecraft:wooden_sword":1,"minecraft:sand":28,"minecraft:smooth_basalt":6,"minecraft:bone":17,"minecraft:gravel":5,"minecraft:stone_sword":2,"minecraft:birch_sapling":10,"minecraft:pointed_dripstone":8,"minecraft:rotten_flesh":17,"minecraft:shield":1,"minecraft:gunpowder":2,"minecraft:wooden_pickaxe":3,"minecraft:stone_pickaxe":1},"minecraft:mined":{"minecraft:tuff":12,"minecraft:deepslate_diamond_ore":9,"minecraft:obsidian":14,"minecraft:cave_vines_plant":2,"minecraft:nether_bricks":89,"minecraft:granite":2,"minecraft:grass_block":3,"minecraft:moss_block":21,"minecraft:spawner":1,"minecraft:tall_seagrass":20,"minecraft:raw_iron_block":1,"minecraft:furnace":5,"minecraft:iron_ore":15,"minecraft:cobbled_deepslate":3,"minecraft:fire":22,"minecraft:andesite":1,"minecraft:nether_brick_stairs":2,"minecraft:nether_brick_fence":1,"minecraft:pointed_dripstone":7,"minecraft:cave_vines":2,"minecraft:deepslate_iron_ore":87,"minecraft:stone":110,"minecraft:deepslate_redstone_ore":1,"minecraft:blackstone":3,"minecraft:soul_sand":20,"minecraft:basalt":35,"minecraft:crafting_table":18,"minecraft:torch":1,"minecraft:short_grass":9,"minecraft:blast_furnace":1,"minecraft:calcite":2,"minecraft:chest":4,"minecraft:cobblestone":5,"minecraft:glass":1,"minecraft:deepslate_gold_ore":12,"minecraft:sculk":11,"minecraft:diorite":1,"minecraft:seagrass":16,"minecraft:birch_planks":62,"minecraft:birch_log":6,"minecraft:birch_leaves":14,"minecraft:coal_ore":49,"minecraft:dripstone_block":4,"minecraft:gravel":71,"minecraft:sand":442,"minecraft:dirt":3,"minecraft:cobweb":27,"minecraft:smooth_basalt":6,"minecraft:deepslate":38},"minecraft:used":{"minecraft:stone_sword":33,"minecraft:iron_shovel":500,"minecraft:flint_and_steel":49,"minecraft:redstone":4,"minecraft:chest":6,"minecraft:shield":95,"minecraft:iron_sword":241,"minecraft:rotten_flesh":43,"minecraft:iron_chestplate":1,"minecraft:torch":5,"minecraft:dirt":2,"minecraft:nether_bricks":40,"minecraft:tuff":10,"minecraft:granite":1,"minecraft:obsidian":10,"minecraft:glass":75,"minecraft:wooden_axe":1,"minecraft:lava_bucket":18,"minecraft:iron_axe":113,"minecraft:iron_helmet":1,"minecraft:iron_boots":1,"minecraft:basalt":5,"minecraft:bow":16,"minecraft:furnace":5,"minecraft:cooked_beef":5,"minecraft:cobbled_deepslate":54,"minecraft:iron_leggings":2,"minecraft:water_bucket":32,"minecraft:birch_planks":192,"minecraft:stone_pickaxe":73,"minecraft:wooden_pickaxe":12,"minecraft:glow_berries":11,"minecraft:sand":232,"minecraft:crafting_table":18,"minecraft:blast_furnace":1,"minecraft:dripstone_block":11,"minecraft:diamond_pickaxe":201,"minecraft:bread":2,"minecraft:iron_pickaxe":254,"minecraft:stone_axe":74,"minecraft:wooden_sword":3,"minecraft:cooked_porkchop":10,"minecraft:bucket":51}},"DataVersion":3700}