{"stats":{"minecraft:killed_by":{"minecraft:player":3},"minecraft:picked_up":{"minecraft:birch_door":1,"minecraft:crafting_table":8,"minecraft:chicken":5,"minecraft:diamond_sword":2,"minecraft:shield":2,"minecraft:string":4157,"minecraft:iron_axe":2,"minecraft:raw_copper":33,"minecraft:diamond_leggings":2,"minecraft:cobbled_deepslate":136,"minecraft:bucket":1,"minecraft:beef":14,"minecraft:iron_pickaxe":6,"minecraft:light_gray_wool":1,"minecraft:birch_sapling":1,"minecraft:iron_boots":1,"minecraft:furnace":16,"minecraft:stick":2,"minecraft:raw_iron":83,"minecraft:torch":15,"minecraft:porkchop":3,"minecraft:diorite":13,"minecraft:redstone":122,"minecraft:rotten_flesh":7,"minecraft:arrow":13,"minecraft:diamond_chestplate":5,"minecraft:diamond_boots":2,"minecraft:mutton":3,"minecraft:white_wool":2,"minecraft:cobblestone":260,"minecraft:birch_log":64,"minecraft:feather":7,"minecraft:cooked_beef":5,"minecraft:water_bucket":1,"minecraft:andesite":8,"minecraft:leather":12,"minecraft:birch_planks":86,"minecraft:lapis_lazuli":40,"minecraft:dirt":22,"minecraft:bow":1,"minecraft:wheat_seeds":1,"minecraft:raw_gold":9,"minecraft:iron_ingot":73,"minecraft:diamond_helmet":2,"minecraft:dandelion":2,"minecraft:lava_bucket":2,"minecraft:gravel":11,"minecraft:diamond_shovel":2,"minecraft:deepslate":1,"minecraft:stone_axe":1,"minecraft:iron_helmet":1,"minecraft:diamond_axe":5,"minecraft:granite":30,"minecraft:bread":28,"minecraft:coal":107,"minecraft:diamond_pickaxe":2},"minecraft:killed":{"minecraft:spider":2,"minecraft:skeleton":5,"minecraft:chicken":5,"minecraft:pig":1,"minecraft:bat":2,"minecraft:sheep":2,"minecraft:zombie":6,"minecraft:cow":7},"minecraft:crafted":{"minecraft:iron_boots":1,"minecraft:bow":1,"minecraft:iron_axe":1,"minecraft:stone_pickaxe":2,"minecraft:cooked_beef":10,"minecraft:cooked_porkchop":3,"minecraft:crafting_table":1,"minecraft:wooden_pickaxe":1,"minecraft:iron_helmet":1,"minecraft:bucket":2,"minecraft:birch_planks":224,"minecraft:stone_axe":1,"minecraft:air":0,"minecraft:iron_chestplate":2,"minecraft:shield":1,"minecraft:stick":44,"minecraft:iron_ingot":82,"minecraft:iron_pickaxe":2,"minecraft:wooden_axe":1,"minecraft:iron_leggings":2,"minecraft:torch":80},"minecraft:custom":{"minecraft:mob_kills":31,"minecraft:interact_with_crafting_table":33,"minecraft:leave_game":19,"minecraft:time_since_death":0,"minecraft:climb_one_cm":628,"minecraft:sprint_one_cm":185935,"minecraft:walk_one_cm":209773,"minecraft:damage_blocked_by_shield":770,"minecraft:drop":97,"minecraft:talked_to_villager":8,"minecraft:play_time":114931,"minecraft:deaths":5,"minecraft:sneak_time":3375,"minecraft:walk_under_water_one_cm":73682,"minecraft:jump":974,"minecraft:walk_on_water_one_cm":10772,"minecraft:total_world_time":114931,"minecraft:interact_with_furnace":76,"minecraft:time_since_rest":1,"minecraft:open_enderchest":35,"minecraft:damage_taken":2876,"minecraft:damage_dealt":5457,"minecraft:player_kills":7,"minecraft:fly_one_cm":96872,"minecraft:swim_one_cm":12532,"minecraft:open_chest":8,"minecraft:crouch_one_cm":1496,"minecraft:fall_one_cm":26500},"minecraft:broken":{"minecraft:stone_pickaxe":2},"minecraft:dropped":{"minecraft:bread":1,"minecraft:iron_sword":1,"minecraft:birch_planks":144,"minecraft:diamond_axe":1,"minecraft:lapis_lazuli":20,"minecraft:crafting_table":1,"minecraft:feather":7,"minecraft:cobblestone":213,"minecraft:granite":23,"minecraft:stick":1,"minecraft:dirt":20,"minecraft:diorite":6,"minecraft:torch":2,"minecraft:wooden_axe":1,"minecraft:iron_axe":1,"minecraft:iron_pickaxe":1,"minecraft:string":2304,"minecraft:birch_log":7,"minecraft:white_wool":2,"minecraft:bucket":1,"minecraft:gravel":9,"minecraft:cobbled_deepslate":70,"minecraft:birch_sapling":1,"minecraft:rotten_flesh":7,"minecraft:diamond_chestplate":1,"minecraft:andesite":5,"minecraft:birch_door":1,"minecraft:wooden_pickaxe":1},"minecraft:mined":{"minecraft:granite":30,"minecraft:grass_block":9,"minecraft:furnace":13,"minecraft:iron_ore":56,"minecraft:andesite":8,"minecraft:pointed_dripstone":1,"minecraft:deepslate_iron_ore":27,"minecraft:stone":265,"minecraft:deepslate_redstone_ore":13,"minecraft:crafting_table":8,"minecraft:torch":1,"minecraft:short_grass":2,"minecraft:cobblestone":2,"minecraft:copper_ore":11,"minecraft:deepslate_gold_ore":9,"minecraft:lapis_ore":3,"minecraft:diorite":12,"minecraft:wall_torch":1,"minecraft:birch_planks":1,"minecraft:birch_log":8,"minecraft:birch_door":1,"minecraft:coal_ore":61,"minecraft:gravel":8,"minecraft:dirt":13,"minecraft:deepslate":121},"minecraft:used":{"minecraft:shield":28,"minecraft:iron_sword":10,"minecraft:iron_chestplate":1,"minecraft:torch":85,"minecraft:dirt":2,"minecraft:diamond_helmet":1,"minecraft:granite":7,"minecraft:wooden_axe":9,"minecraft:lava_bucket":1,"minecraft:iron_axe":74,"minecraft:iron_boots":1,"minecraft:diamond_chestplate":1,"minecraft:bow":11,"minecraft:furnace":10,"minecraft:cooked_beef":10,"minecraft:cobbled_deepslate":2,"minecraft:iron_leggings":1,"minecraft:water_bucket":2,"minecraft:diorite":7,"minecraft:diamond_boots":2,"minecraft:birch_planks":10,"minecraft:stone_pickaxe":262,"minecraft:wooden_pickaxe":54,"minecraft:diamond_axe":3,"minecraft:crafting_table":7,"minecraft:diamond_pickaxe":17,"minecraft:bread":9,"minecraft:iron_pickaxe":314,"minecraft:deepslate":1,"minecraft:gravel":2,"minecraft:stone_axe":11,"minecraft:cobblestone":1,"minecraft:cooked_porkchop":7,"minecraft:birch_log":1,"minecraft:bucket":4,"minecraft:diamond_leggings":2}},"DataVersion":3700}