{"stats":{"minecraft:killed_by":{"minecraft:magma_cube":2,"minecraft:zombie":3,"minecraft:player":5,"minecraft:slime":1,"minecraft:skeleton":5},"minecraft:picked_up":{"minecraft:iron_chestplate":1,"minecraft:birch_door":6,"minecraft:wheat":18,"minecraft:nether_brick_fence":5,"minecraft:anvil":1,"minecraft:lead":1,"minecraft:oak_stairs":5,"minecraft:enchanted_book":1,"minecraft:string":41091,"minecraft:raw_copper":134,"minecraft:iron_leggings":1,"minecraft:beetroot":2,"minecraft:diamond_leggings":2,"minecraft:gold_nugget":143,"minecraft:cobbled_deepslate":1117,"minecraft:spruce_planks":4,"minecraft:furnace":3,"minecraft:stick":70,"minecraft:composter":10,"minecraft:birch_trapdoor":14,"minecraft:torch":18,"minecraft:porkchop":25,"minecraft:pointed_dripstone":3,"minecraft:diorite":5,"minecraft:nether_gold_ore":12,"minecraft:stone_sword":2,"minecraft:rotten_flesh":42,"minecraft:bookshelf":1,"minecraft:white_terracotta":1,"minecraft:blaze_rod":191,"minecraft:obsidian":30,"minecraft:cobblestone":272,"minecraft:nautilus_shell":1,"minecraft:birch_log":154,"minecraft:magma_block":2,"minecraft:feather":8,"minecraft:cooked_beef":3,"minecraft:birch_slab":1,"minecraft:water_bucket":1,"minecraft:andesite":26,"minecraft:brown_wool":1,"minecraft:potato":14,"minecraft:flint":53,"minecraft:tuff":281,"minecraft:lapis_lazuli":91,"minecraft:dirt":156,"minecraft:stripped_birch_log":3,"minecraft:lantern":74,"minecraft:name_tag":1,"minecraft:glass":4,"minecraft:bone":75,"minecraft:stonecutter":1,"minecraft:bow":5,"minecraft:wheat_seeds":150,"minecraft:raw_gold":19,"minecraft:bell":1,"minecraft:fletching_table":7,"minecraft:oak_planks":138,"minecraft:cooked_porkchop":4,"minecraft:music_disc_13":1,"minecraft:axolotl_bucket":1,"minecraft:sand":65,"minecraft:dark_oak_log":299,"minecraft:barrel":2,"minecraft:diamond":74,"minecraft:deepslate":802,"minecraft:lever":4,"minecraft:crossbow":1,"minecraft:granite":13,"minecraft:bone_meal":38,"minecraft:oak_sapling":22,"minecraft:netherrack":5,"minecraft:oak_leaves":4,"minecraft:diamond_pickaxe":1,"minecraft:crafting_table":6,"minecraft:ladder":216,"minecraft:chicken":1,"minecraft:nether_wart":7,"minecraft:clay_ball":6,"minecraft:diamond_horse_armor":2,"minecraft:shield":2,"minecraft:cornflower":1,"minecraft:oak_trapdoor":1,"minecraft:iron_axe":1,"minecraft:flint_and_steel":3,"minecraft:blackstone":6,"minecraft:deepslate_diamond_ore":3,"minecraft:beef":14,"minecraft:oak_boat":5,"minecraft:player_head":2,"minecraft:poppy":3,"minecraft:spruce_slab":2,"minecraft:lectern":1730,"minecraft:sugar_cane":92,"minecraft:chest":13,"minecraft:birch_sapling":12,"minecraft:diamond_hoe":1,"minecraft:egg":1,"minecraft:dark_oak_sapling":3,"minecraft:raw_iron":218,"minecraft:stone":10,"minecraft:oak_door":10,"minecraft:carrot":51,"minecraft:redstone":4,"minecraft:arrow":89,"minecraft:diamond_chestplate":4,"minecraft:beetroot_seeds":4,"minecraft:nether_bricks":229,"minecraft:hay_block":28,"minecraft:ward_armor_trim_smithing_template":1,"minecraft:gold_ingot":4,"minecraft:mutton":15,"minecraft:bone_block":91,"minecraft:white_wool":33,"minecraft:stripped_oak_log":12,"minecraft:basalt":61,"minecraft:tripwire_hook":6,"minecraft:leather":10,"minecraft:birch_planks":78,"minecraft:oak_log":413,"minecraft:lily_pad":2,"minecraft:yellow_bed":9,"minecraft:gunpowder":5,"minecraft:cooked_mutton":33,"minecraft:apple":6,"minecraft:kelp":393,"minecraft:iron_ingot":11,"minecraft:iron_ore":1,"minecraft:soul_sand":3,"minecraft:iron_sword":4,"minecraft:book":42,"minecraft:oak_slab":24,"minecraft:dandelion":3,"minecraft:raw_iron_block":11,"minecraft:dripstone_block":13,"minecraft:gravel":226,"minecraft:lava_bucket":1,"minecraft:spruce_sapling":20,"minecraft:blast_furnace":1,"minecraft:white_bed":10,"minecraft:spruce_log":387,"minecraft:spider_eye":10,"minecraft:diamond_shovel":1,"minecraft:coal_ore":3,"minecraft:slime_ball":38,"minecraft:stone_axe":2,"minecraft:iron_helmet":1,"minecraft:deepslate_redstone_ore":28,"minecraft:diamond_axe":3,"minecraft:gray_wool":1,"minecraft:coal":349,"minecraft:hopper":8},"minecraft:killed":{"minecraft:spider":6,"minecraft:skeleton":34,"minecraft:chicken":2,"minecraft:magma_cube":1,"minecraft:pig":18,"minecraft:iron_golem":1,"minecraft:creeper":5,"minecraft:sheep":20,"minecraft:zombie":27,"minecraft:ghast":2,"minecraft:blaze":104,"minecraft:cow":8,"minecraft:slime":24,"minecraft:drowned":3,"minecraft:wither_skeleton":5,"minecraft:villager":3},"minecraft:crafted":{"minecraft:ender_chest":1,"minecraft:grindstone":1,"minecraft:smooth_stone":3,"minecraft:oak_planks":1612,"minecraft:cobblestone_slab":6,"minecraft:oak_sign":6,"minecraft:barrel":2,"minecraft:birch_boat":1,"minecraft:birch_slab":138,"minecraft:stone":6,"minecraft:lever":1,"minecraft:diamond_shovel":8,"minecraft:bookshelf":82,"minecraft:cooked_mutton":8,"minecraft:suspicious_stew":7,"minecraft:glass":268,"minecraft:hopper":5,"minecraft:diamond_helmet":3,"minecraft:diamond_leggings":3,"minecraft:bow":16,"minecraft:iron_boots":6,"minecraft:chest":49,"minecraft:birch_door":3,"minecraft:stone_hoe":10,"minecraft:oak_slab":78,"minecraft:arrow":272,"minecraft:emerald":10002,"minecraft:cooked_porkchop":20,"minecraft:diamond_axe":11,"minecraft:crafting_table":6,"minecraft:spruce_planks":116,"minecraft:wooden_pickaxe":1,"minecraft:chainmail_chestplate":8,"minecraft:smithing_table":1,"minecraft:fletching_table":2,"minecraft:brewing_stand":1,"minecraft:birch_planks":440,"minecraft:apple":48,"minecraft:spruce_trapdoor":4,"minecraft:lectern":48,"minecraft:book":3,"minecraft:wooden_hoe":2,"minecraft:paper":9,"minecraft:diamond_pickaxe":3,"minecraft:emerald_block":79,"minecraft:shield":2,"minecraft:stick":2268,"minecraft:stone_slab":6,"minecraft:iron_ingot":237,"minecraft:iron_pickaxe":24,"minecraft:iron_block":3,"minecraft:shears":2,"minecraft:golden_carrot":294,"minecraft:oak_door":3,"minecraft:cookie":144,"minecraft:redstone":20,"minecraft:raw_iron":27,"minecraft:tripwire_hook":2,"minecraft:experience_bottle":2369,"minecraft:furnace":4,"minecraft:blast_furnace":1,"minecraft:bone_meal":828,"minecraft:oak_trapdoor":4,"minecraft:glass_pane":16,"minecraft:flint_and_steel":2,"minecraft:lantern":400,"minecraft:iron_axe":1,"minecraft:ladder":126,"minecraft:spruce_slab":64,"minecraft:ender_pearl":7,"minecraft:stone_pickaxe":21,"minecraft:diamond_boots":6,"minecraft:chainmail_leggings":10,"minecraft:wheat":135,"minecraft:crossbow":8,"minecraft:diamond_sword":2,"minecraft:enchanting_table":1,"minecraft:iron_sword":10,"minecraft:golden_shovel":1,"minecraft:bucket":2,"minecraft:stone_axe":10,"minecraft:glowstone":8,"minecraft:enchanted_book":40,"minecraft:bread":111,"minecraft:air":0,"minecraft:oak_boat":2,"minecraft:white_wool":16,"minecraft:wooden_axe":1,"minecraft:birch_trapdoor":12,"minecraft:anvil":1,"minecraft:white_bed":6,"minecraft:lapis_lazuli":12,"minecraft:diamond_chestplate":21},"minecraft:custom":{"minecraft:interact_with_crafting_table":110,"minecraft:open_barrel":1,"minecraft:leave_game":27,"minecraft:time_since_death":289834,"minecraft:sprint_one_cm":2392099,"minecraft:damage_blocked_by_shield":185,"minecraft:drop":233,"minecraft:talked_to_villager":2852,"minecraft:play_time":1164219,"minecraft:deaths":36,"minecraft:jump":7252,"minecraft:walk_on_water_one_cm":148282,"minecraft:enchant_item":4,"minecraft:interact_with_furnace":78,"minecraft:traded_with_villager":12554,"minecraft:sleep_in_bed":14,"minecraft:open_enderchest":5,"minecraft:damage_dealt":43600,"minecraft:player_kills":28,"minecraft:crouch_one_cm":49555,"minecraft:mob_kills":270,"minecraft:interact_with_anvil":27,"minecraft:inspect_hopper":3,"minecraft:climb_one_cm":120778,"minecraft:walk_one_cm":865398,"minecraft:sneak_time":31991,"minecraft:walk_under_water_one_cm":468120,"minecraft:boat_one_cm":220959,"minecraft:interact_with_blast_furnace":3,"minecraft:total_world_time":1164219,"minecraft:interact_with_grindstone":6,"minecraft:time_since_rest":3901,"minecraft:damage_taken":16468,"minecraft:swim_one_cm":337805,"minecraft:fly_one_cm":1319789,"minecraft:open_chest":809,"minecraft:fall_one_cm":156984},"minecraft:broken":{"minecraft:stone_pickaxe":3,"minecraft:stone_axe":4,"minecraft:iron_pickaxe":2,"minecraft:wooden_hoe":1},"minecraft:dropped":{"minecraft:iron_sword":7,"minecraft:birch_planks":1,"minecraft:diamond_axe":2,"minecraft:lapis_lazuli":46,"minecraft:cooked_beef":3,"minecraft:crossbow":9,"minecraft:lantern":202,"minecraft:emerald":4,"minecraft:dirt":6,"minecraft:iron_pickaxe":9,"minecraft:white_wool":15,"minecraft:gold_ingot":14,"minecraft:gravel":4,"minecraft:stone_axe":2,"minecraft:cobbled_deepslate":4,"minecraft:birch_sapling":8,"minecraft:rotten_flesh":1,"minecraft:oak_planks":6,"minecraft:diamond_shovel":7,"minecraft:cooked_mutton":15,"minecraft:ward_armor_trim_smithing_template":2,"minecraft:poppy":3,"minecraft:beetroot_seeds":4,"minecraft:arrow":165,"minecraft:oak_leaves":2,"minecraft:netherrack":1,"minecraft:egg":1,"minecraft:enchanted_book":3,"minecraft:stone_hoe":10,"minecraft:water_bucket":1,"minecraft:iron_ingot":142,"minecraft:bread":50,"minecraft:wheat_seeds":2,"minecraft:dripstone_block":8,"minecraft:diamond_leggings":3,"minecraft:cobblestone":43,"minecraft:lead":1,"minecraft:granite":8,"minecraft:copper_ingot":10,"minecraft:coal":91,"minecraft:stick":14,"minecraft:diamond_horse_armor":2,"minecraft:gray_wool":1,"minecraft:diorite":5,"minecraft:golden_carrot":32,"minecraft:torch":1,"minecraft:wooden_axe":1,"minecraft:brown_wool":1,"minecraft:diamond_helmet":2,"minecraft:stripped_birch_log":3,"minecraft:oak_stairs":1,"minecraft:string":1194,"minecraft:dandelion":1,"minecraft:player_head":2,"minecraft:stone_sword":1,"minecraft:deepslate":12,"minecraft:tuff":7,"minecraft:iron_boots":2,"minecraft:diamond_sword":1,"minecraft:diamond_chestplate":23,"minecraft:spruce_planks":2,"minecraft:diamond_pickaxe":1,"minecraft:andesite":6,"minecraft:oak_boat":1,"minecraft:oak_sapling":1,"minecraft:diamond_boots":2,"minecraft:bow":16,"minecraft:stone_pickaxe":1,"minecraft:wooden_pickaxe":1},"minecraft:mined":{"minecraft:white_bed":8,"minecraft:spruce_planks":2,"minecraft:obsidian":27,"minecraft:granite":5,"minecraft:grass_block":31,"minecraft:composter":10,"minecraft:hopper":8,"minecraft:tall_seagrass":2,"minecraft:magma_block":2,"minecraft:raw_iron_block":11,"minecraft:barrel":2,"minecraft:fire":42,"minecraft:iron_ore":76,"minecraft:cobbled_deepslate":89,"minecraft:deepslate_lapis_ore":3,"minecraft:fletching_table":7,"minecraft:anvil":1,"minecraft:nether_brick_stairs":3,"minecraft:pointed_dripstone":4,"minecraft:dirt_path":31,"minecraft:oak_stairs":4,"minecraft:tripwire":134,"minecraft:deepslate_redstone_ore":28,"minecraft:blackstone":13,"minecraft:kelp_plant":31,"minecraft:soul_fire":6,"minecraft:poppy":1,"minecraft:chest":9,"minecraft:dead_bush":1,"minecraft:glass":18,"minecraft:cobblestone":684,"minecraft:sugar_cane":45,"minecraft:oak_planks":30,"minecraft:wall_torch":13,"minecraft:deepslate_copper_ore":10,"minecraft:seagrass":5,"minecraft:white_terracotta":1,"minecraft:birch_log":6,"minecraft:wheat":52,"minecraft:birch_trapdoor":14,"minecraft:birch_door":6,"minecraft:oak_log":121,"minecraft:beetroots":5,"minecraft:sand":53,"minecraft:dirt":78,"minecraft:tripwire_hook":6,"minecraft:stonecutter":1,"minecraft:netherrack":25,"minecraft:oak_leaves":18,"minecraft:deepslate":2220,"minecraft:nether_gold_ore":32,"minecraft:tuff":279,"minecraft:deepslate_diamond_ore":33,"minecraft:oak_door":7,"minecraft:nether_bricks":248,"minecraft:ladder":137,"minecraft:birch_slab":1,"minecraft:spruce_leaves":5,"minecraft:kelp":14,"minecraft:hay_block":29,"minecraft:oak_trapdoor":1,"minecraft:spruce_sapling":1,"minecraft:furnace":3,"minecraft:carrots":34,"minecraft:andesite":20,"minecraft:bell":1,"minecraft:nether_brick_fence":8,"minecraft:bookshelf":15,"minecraft:potatoes":12,"minecraft:vine":1,"minecraft:deepslate_iron_ore":157,"minecraft:stone":166,"minecraft:bone_block":98,"minecraft:oak_slab":1,"minecraft:glass_pane":6,"minecraft:soul_sand":3,"minecraft:basalt":54,"minecraft:dandelion":3,"minecraft:crafting_table":5,"minecraft:cornflower":2,"minecraft:short_grass":73,"minecraft:lectern":1731,"minecraft:copper_ore":29,"minecraft:tall_grass":2,"minecraft:lapis_ore":4,"minecraft:deepslate_gold_ore":18,"minecraft:lily_pad":2,"minecraft:diorite":5,"minecraft:birch_planks":27,"minecraft:yellow_bed":9,"minecraft:coal_ore":190,"minecraft:gravel":361,"minecraft:dripstone_block":6,"minecraft:cracked_stone_bricks":1},"minecraft:used":{"minecraft:beetroot":2,"minecraft:ladder":138,"minecraft:oak_sign":6,"minecraft:chest":42,"minecraft:shield":6,"minecraft:white_terracotta":1,"minecraft:iron_sword":24,"minecraft:player_head":28,"minecraft:rotten_flesh":29,"minecraft:soul_sand":3,"minecraft:nether_bricks":158,"minecraft:carrot":51,"minecraft:axolotl_bucket":1,"minecraft:obsidian":12,"minecraft:glass":34,"minecraft:lava_bucket":2,"minecraft:lantern":37,"minecraft:birch_trapdoor":25,"minecraft:golden_sword":1,"minecraft:magma_block":1,"minecraft:bow":56,"minecraft:furnace":5,"minecraft:potato":17,"minecraft:diamond_boots":1,"minecraft:stone_pickaxe":758,"minecraft:oak_planks":269,"minecraft:wooden_pickaxe":50,"minecraft:composter":8,"minecraft:diamond_axe":1947,"minecraft:oak_leaves":2,"minecraft:blast_furnace":1,"minecraft:dripstone_block":2,"minecraft:shears":16,"minecraft:lever":5,"minecraft:bread":43,"minecraft:birch_slab":8,"minecraft:string":258,"minecraft:lectern":1744,"minecraft:deepslate":146,"minecraft:gravel":34,"minecraft:diamond_sword":470,"minecraft:grindstone":1,"minecraft:smithing_table":1,"minecraft:oak_boat":5,"minecraft:bone_meal":54,"minecraft:oak_trapdoor":4,"minecraft:trident":1,"minecraft:enchanting_table":1,"minecraft:flint_and_steel":21,"minecraft:ender_chest":1,"minecraft:oak_door":12,"minecraft:torch":5,"minecraft:brewing_stand":1,"minecraft:dirt":31,"minecraft:anvil":1,"minecraft:hopper":13,"minecraft:diamond_helmet":1,"minecraft:golden_shovel":1,"minecraft:birch_door":6,"minecraft:bookshelf":31,"minecraft:iron_axe":60,"minecraft:oak_stairs":1,"minecraft:barrel":2,"minecraft:basalt":8,"minecraft:diamond_chestplate":1,"minecraft:tripwire_hook":8,"minecraft:golden_carrot":51,"minecraft:beef":5,"minecraft:cobbled_deepslate":301,"minecraft:wheat_seeds":12,"minecraft:cooked_mutton":11,"minecraft:water_bucket":35,"minecraft:birch_planks":111,"minecraft:birch_boat":1,"minecraft:fletching_table":9,"minecraft:oak_slab":41,"minecraft:crafting_table":10,"minecraft:white_bed":9,"minecraft:wooden_hoe":98,"minecraft:diamond_pickaxe":2581,"minecraft:apple":10,"minecraft:diamond_shovel":326,"minecraft:iron_pickaxe":1393,"minecraft:suspicious_stew":7,"minecraft:spruce_trapdoor":4,"minecraft:spruce_sapling":13,"minecraft:stone_axe":439,"minecraft:cobblestone":151,"minecraft:cooked_porkchop":22,"minecraft:bucket":39,"minecraft:glass_pane":12,"minecraft:yellow_bed":8,"minecraft:kelp":52,"minecraft:diamond_leggings":2}},"DataVersion":3700}