{"stats":{"minecraft:killed":{"minecraft:zombified_piglin":1,"minecraft:spider":6,"minecraft:skeleton":5,"minecraft:chicken":2,"minecraft:magma_cube":13,"minecraft:pig":2,"minecraft:zombie_villager":1,"minecraft:sheep":4,"minecraft:zombie":9,"minecraft:blaze":1,"minecraft:cow":1},"minecraft:broken":{"minecraft:wooden_shovel":1,"minecraft:stone_sword":1,"minecraft:golden_shovel":2,"minecraft:stone_pickaxe":13,"minecraft:stone_axe":1,"minecraft:iron_pickaxe":1,"minecraft:stone_shovel":1},"minecraft:dropped":{"minecraft:birch_planks":2,"minecraft:wheat_seeds":2,"minecraft:cobblestone":8,"minecraft:leather":1,"minecraft:copper_ingot":24,"minecraft:coal":3,"minecraft:stick":2,"minecraft:diorite":1,"minecraft:string":896,"minecraft:tripwire_hook":2,"minecraft:gold_ingot":12,"minecraft:dandelion":1,"minecraft:gravel":7,"minecraft:oak_trapdoor":1,"minecraft:player_head":2,"minecraft:diamond_chestplate":3,"minecraft:diamond_pickaxe":1,"minecraft:ladder":1,"minecraft:wooden_shovel":1,"minecraft:spider_eye":1,"minecraft:raw_gold":24,"minecraft:magma_cream":1,"minecraft:magma_block":1},"minecraft:mined":{"minecraft:tuff":5,"minecraft:white_bed":2,"minecraft:cobblestone_stairs":1,"minecraft:nether_bricks":9,"minecraft:lever":1,"minecraft:ladder":8,"minecraft:granite":229,"minecraft:grass_block":130,"minecraft:spawner":1,"minecraft:magma_block":1,"minecraft:oak_trapdoor":1,"minecraft:glowstone":9,"minecraft:iron_ore":9,"minecraft:cobbled_deepslate":4,"minecraft:deepslate_lapis_ore":2,"minecraft:pointed_dripstone":1,"minecraft:cave_vines":1,"minecraft:deepslate_iron_ore":6,"minecraft:stone":1120,"minecraft:tripwire":10,"minecraft:basalt":5,"minecraft:dandelion":1,"minecraft:crafting_table":9,"minecraft:torch":26,"minecraft:short_grass":29,"minecraft:chest":20,"minecraft:cobblestone":75,"minecraft:glass":2,"minecraft:copper_ore":5,"minecraft:deepslate_gold_ore":6,"minecraft:lapis_ore":3,"minecraft:diorite":168,"minecraft:wall_torch":24,"minecraft:birch_planks":120,"minecraft:birch_log":8,"minecraft:birch_trapdoor":6,"minecraft:birch_leaves":26,"minecraft:birch_door":13,"minecraft:gravel":44,"minecraft:sand":45,"minecraft:dirt":66,"minecraft:tripwire_hook":1,"minecraft:deepslate":196},"minecraft:killed_by":{"minecraft:player":21,"minecraft:creeper":1,"minecraft:magma_cube":3,"minecraft:warden":4,"minecraft:skeleton":2,"minecraft:zombie":6},"minecraft:used":{"minecraft:trident":2,"minecraft:stone_sword":139,"minecraft:stone_shovel":132,"minecraft:ladder":16,"minecraft:chest":40,"minecraft:iron_sword":96,"minecraft:bell":1,"minecraft:player_head":6,"minecraft:cooked_chicken":9,"minecraft:wooden_shovel":60,"minecraft:iron_chestplate":6,"minecraft:torch":121,"minecraft:dirt":27,"minecraft:hopper":4,"minecraft:golden_shovel":61,"minecraft:golden_chestplate":2,"minecraft:granite":2,"minecraft:obsidian":1,"minecraft:birch_door":18,"minecraft:glass":33,"minecraft:lava_bucket":31,"minecraft:iron_axe":42,"minecraft:iron_helmet":4,"minecraft:iron_boots":4,"minecraft:diamond_chestplate":2,"minecraft:birch_trapdoor":8,"minecraft:tripwire_hook":3,"minecraft:golden_carrot":1,"minecraft:beef":1,"minecraft:furnace":8,"minecraft:cooked_beef":3,"minecraft:cobbled_deepslate":34,"minecraft:iron_leggings":4,"minecraft:cooked_mutton":7,"minecraft:water_bucket":9,"minecraft:diorite":6,"minecraft:cobblestone_stairs":15,"minecraft:birch_planks":538,"minecraft:stripped_birch_log":2,"minecraft:stone_pickaxe":1661,"minecraft:glow_berries":3,"minecraft:sand":3,"minecraft:crafting_table":12,"minecraft:white_bed":3,"minecraft:shears":3,"minecraft:lever":4,"minecraft:string":41,"minecraft:iron_pickaxe":269,"minecraft:gravel":2,"minecraft:stone_axe":143,"minecraft:wooden_sword":50,"minecraft:cobblestone":390,"minecraft:cooked_porkchop":7,"minecraft:bucket":41,"minecraft:birch_log":6,"minecraft:birch_stairs":20},"minecraft:custom":{"minecraft:mob_kills":46,"minecraft:inspect_hopper":3,"minecraft:interact_with_crafting_table":98,"minecraft:bell_ring":15,"minecraft:leave_game":21,"minecraft:time_since_death":3764,"minecraft:climb_one_cm":18426,"minecraft:sprint_one_cm":403169,"minecraft:walk_one_cm":992613,"minecraft:drop":46,"minecraft:talked_to_villager":33,"minecraft:play_time":385814,"minecraft:deaths":53,"minecraft:sneak_time":3825,"minecraft:walk_under_water_one_cm":228459,"minecraft:jump":2148,"minecraft:walk_on_water_one_cm":67385,"minecraft:total_world_time":385814,"minecraft:interact_with_furnace":68,"minecraft:sleep_in_bed":7,"minecraft:time_since_rest":3799,"minecraft:damage_taken":15972,"minecraft:damage_dealt":6672,"minecraft:fly_one_cm":73667,"minecraft:swim_one_cm":60,"minecraft:open_chest":430,"minecraft:crouch_one_cm":2360,"minecraft:fall_one_cm":41033},"minecraft:picked_up":{"minecraft:crafting_table":9,"minecraft:birch_door":15,"minecraft:chicken":2,"minecraft:ladder":11,"minecraft:golden_shovel":1,"minecraft:raw_copper":22,"minecraft:string":1347,"minecraft:oak_trapdoor":1,"minecraft:cobbled_deepslate":205,"minecraft:bucket":1,"minecraft:beef":3,"minecraft:player_head":1,"minecraft:wooden_shovel":1,"minecraft:sugar_cane":4,"minecraft:chest":22,"minecraft:birch_sapling":10,"minecraft:stick":7,"minecraft:raw_iron":17,"minecraft:birch_trapdoor":4,"minecraft:copper_ingot":34,"minecraft:torch":85,"minecraft:porkchop":5,"minecraft:pointed_dripstone":4,"minecraft:diorite":166,"minecraft:trident":1,"minecraft:diamond_chestplate":32,"minecraft:arrow":5,"minecraft:rotten_flesh":30,"minecraft:nether_bricks":9,"minecraft:gold_ingot":12,"minecraft:glistering_melon_slice":4,"minecraft:glow_berries":3,"minecraft:mutton":5,"minecraft:white_wool":2,"minecraft:cobblestone":1354,"minecraft:birch_log":171,"minecraft:magma_block":1,"minecraft:cooked_beef":3,"minecraft:feather":4,"minecraft:basalt":5,"minecraft:magma_cream":4,"minecraft:golden_carrot":1,"minecraft:tripwire_hook":3,"minecraft:brown_wool":2,"minecraft:leather":5,"minecraft:birch_planks":124,"minecraft:flint":4,"minecraft:tuff":5,"minecraft:cobblestone_stairs":1,"minecraft:dirt":235,"minecraft:lapis_lazuli":58,"minecraft:stripped_birch_log":3,"minecraft:lantern":330,"minecraft:cooked_mutton":4,"minecraft:bone":10,"minecraft:wheat_seeds":6,"minecraft:raw_gold":30,"minecraft:stone_pickaxe":2,"minecraft:iron_ingot":3,"minecraft:glowstone_dust":22,"minecraft:dandelion":2,"minecraft:gravel":96,"minecraft:sand":44,"minecraft:white_bed":2,"minecraft:spider_eye":4,"minecraft:stone_axe":1,"minecraft:lever":3,"minecraft:granite":228,"minecraft:gray_wool":1,"minecraft:coal":3},"minecraft:crafted":{"minecraft:wooden_sword":1,"minecraft:stone_shovel":1,"minecraft:tripwire_hook":2,"minecraft:cooked_chicken":10,"minecraft:furnace":8,"minecraft:cobblestone_stairs":16,"minecraft:lever":1,"minecraft:cooked_mutton":10,"minecraft:glass":33,"minecraft:hopper":4,"minecraft:iron_boots":2,"minecraft:iron_axe":1,"minecraft:ladder":6,"minecraft:stone_pickaxe":12,"minecraft:chest":23,"minecraft:birch_door":6,"minecraft:cooked_beef":5,"minecraft:wooden_shovel":2,"minecraft:cooked_porkchop":12,"minecraft:crafting_table":3,"minecraft:iron_helmet":2,"minecraft:iron_sword":1,"minecraft:copper_ingot":22,"minecraft:golden_shovel":1,"minecraft:bucket":1,"minecraft:birch_planks":456,"minecraft:stone_axe":2,"minecraft:iron_chestplate":2,"minecraft:charcoal":15,"minecraft:stick":72,"minecraft:iron_ingot":32,"minecraft:iron_pickaxe":2,"minecraft:birch_trapdoor":4,"minecraft:stone_sword":1,"minecraft:iron_leggings":2,"minecraft:gold_ingot":12,"minecraft:white_bed":1,"minecraft:torch":44,"minecraft:birch_stairs":20,"minecraft:shears":1}},"DataVersion":3700}