{"stats":{"minecraft:killed_by":{"minecraft:ghast":1,"minecraft:player":8,"minecraft:creeper":2,"minecraft:spider":2,"minecraft:warden":7,"minecraft:cave_spider":1,"minecraft:skeleton":2,"minecraft:zombie":6},"minecraft:picked_up":{"minecraft:crafting_table":10,"minecraft:wheat":1,"minecraft:nether_brick_fence":26,"minecraft:nether_wart":43,"minecraft:ladder":21,"minecraft:anvil":3,"minecraft:lead":3,"minecraft:potion":2,"minecraft:diamond_horse_armor":2,"minecraft:shield":1,"minecraft:lapis_block":2,"minecraft:cornflower":1,"minecraft:string":14024,"minecraft:soul_soil":1,"minecraft:raw_copper":27,"minecraft:flint_and_steel":3,"minecraft:blackstone":44,"minecraft:diamond_leggings":3,"minecraft:gold_nugget":36,"minecraft:cobbled_deepslate":478,"minecraft:beef":13,"minecraft:player_head":1,"minecraft:sugar_cane":24,"minecraft:chest":5,"minecraft:birch_sapling":17,"minecraft:diamond_hoe":1,"minecraft:furnace":4,"minecraft:stick":21,"minecraft:raw_iron":261,"minecraft:big_dripleaf":4,"minecraft:porkchop":19,"minecraft:pointed_dripstone":7,"minecraft:diorite":11,"minecraft:redstone":66,"minecraft:diamond_chestplate":1,"minecraft:arrow":46,"minecraft:rotten_flesh":29,"minecraft:nether_bricks":132,"minecraft:diamond_boots":2,"minecraft:ward_armor_trim_smithing_template":1,"minecraft:blaze_rod":27,"minecraft:mutton":10,"minecraft:obsidian":33,"minecraft:rail":6,"minecraft:white_wool":4,"minecraft:cobblestone":162,"minecraft:cracked_deepslate_tiles":1,"minecraft:birch_log":462,"minecraft:magma_block":4,"minecraft:basalt":301,"minecraft:golden_carrot":32,"minecraft:water_bucket":1,"minecraft:andesite":21,"minecraft:leather":13,"minecraft:birch_planks":112,"minecraft:tuff":83,"minecraft:oak_log":21,"minecraft:gunpowder":2,"minecraft:lapis_lazuli":232,"minecraft:dirt":36,"minecraft:stripped_birch_log":2,"minecraft:bone":64,"minecraft:kelp":242,"minecraft:bow":1,"minecraft:wheat_seeds":4,"minecraft:raw_gold":44,"minecraft:cobbled_deepslate_slab":3,"minecraft:iron_ingot":79,"minecraft:diamond_helmet":1,"minecraft:glowstone_dust":3,"minecraft:iron_sword":1,"minecraft:oak_planks":114,"minecraft:soul_sand":19,"minecraft:book":114,"minecraft:emerald_block":64,"minecraft:quartz":28,"minecraft:axolotl_bucket":1,"minecraft:raw_iron_block":2,"minecraft:dripstone_block":8,"minecraft:gravel":1,"minecraft:sand":24,"minecraft:blast_furnace":2,"minecraft:white_bed":2,"minecraft:coal_ore":3,"minecraft:slime_ball":32,"minecraft:diamond":79,"minecraft:granite":2,"minecraft:emerald":2,"minecraft:netherrack":99,"minecraft:coal":319,"minecraft:diamond_pickaxe":1,"minecraft:ender_pearl":6},"minecraft:killed":{"minecraft:witch":1,"minecraft:spider":1,"minecraft:skeleton":14,"minecraft:magma_cube":24,"minecraft:pig":5,"minecraft:bat":1,"minecraft:wandering_trader":1,"minecraft:creeper":2,"minecraft:strider":3,"minecraft:sheep":4,"minecraft:trader_llama":2,"minecraft:zombie":19,"minecraft:wither_skeleton":1,"minecraft:blaze":17,"minecraft:enderman":2,"minecraft:cow":6},"minecraft:crafted":{"minecraft:golden_carrot":42,"minecraft:cobbled_deepslate_slab":198,"minecraft:raw_iron":90,"minecraft:diamond_hoe":1,"minecraft:blaze_powder":54,"minecraft:furnace":1,"minecraft:bone_meal":120,"minecraft:diamond_shovel":1,"minecraft:bookshelf":70,"minecraft:cooked_mutton":4,"minecraft:diamond_block":7,"minecraft:glass":16,"minecraft:diamond":63,"minecraft:bow":1,"minecraft:stone_pickaxe":1,"minecraft:chest":13,"minecraft:diamond_boots":1,"minecraft:ender_eye":6,"minecraft:raw_iron_block":8,"minecraft:golden_boots":1,"minecraft:cooked_beef":7,"minecraft:diamond_sword":1,"minecraft:emerald":7326,"minecraft:diamond_axe":4,"minecraft:crafting_table":6,"minecraft:wooden_pickaxe":1,"minecraft:iron_sword":3,"minecraft:golden_shovel":1,"minecraft:birch_planks":524,"minecraft:bucket":12,"minecraft:stone_axe":1,"minecraft:enchanted_book":44,"minecraft:air":0,"minecraft:white_wool":1,"minecraft:diamond_pickaxe":4,"minecraft:emerald_block":524,"minecraft:shield":1,"minecraft:stick":32,"minecraft:iron_ingot":170,"minecraft:iron_pickaxe":2,"minecraft:wooden_axe":2,"minecraft:iron_block":17,"minecraft:gold_ingot":2,"minecraft:anvil":5,"minecraft:lapis_block":26,"minecraft:diamond_chestplate":1},"minecraft:custom":{"minecraft:mob_kills":107,"minecraft:interact_with_anvil":13,"minecraft:interact_with_crafting_table":78,"minecraft:leave_game":20,"minecraft:time_since_death":6526,"minecraft:climb_one_cm":52045,"minecraft:sprint_one_cm":850362,"minecraft:walk_one_cm":997785,"minecraft:damage_blocked_by_shield":611,"minecraft:drop":531,"minecraft:talked_to_villager":161,"minecraft:strider_one_cm":3270,"minecraft:play_time":418535,"minecraft:deaths":49,"minecraft:sneak_time":27834,"minecraft:walk_under_water_one_cm":995409,"minecraft:jump":5160,"minecraft:interact_with_blast_furnace":24,"minecraft:walk_on_water_one_cm":123279,"minecraft:total_world_time":418535,"minecraft:interact_with_furnace":44,"minecraft:traded_with_villager":3550,"minecraft:interact_with_grindstone":1,"minecraft:interact_with_stonecutter":1,"minecraft:time_since_rest":6553,"minecraft:damage_taken":24627,"minecraft:open_enderchest":1,"minecraft:damage_dealt":15077,"minecraft:swim_one_cm":175379,"minecraft:fly_one_cm":720487,"minecraft:player_kills":7,"minecraft:open_chest":535,"minecraft:crouch_one_cm":89564,"minecraft:fall_one_cm":219344},"minecraft:broken":{"minecraft:diamond_helmet":1},"minecraft:dropped":{"minecraft:iron_ingot":7,"minecraft:birch_planks":46,"minecraft:wheat_seeds":3,"minecraft:diamond_axe":3,"minecraft:lapis_lazuli":6,"minecraft:glass_bottle":2,"minecraft:diamond":99,"minecraft:crafting_table":1,"minecraft:dripstone_block":8,"minecraft:diamond_leggings":2,"minecraft:cobblestone":18,"minecraft:granite":2,"minecraft:rail":6,"minecraft:coal":126,"minecraft:stick":3,"minecraft:diamond_horse_armor":2,"minecraft:dirt":21,"minecraft:diorite":7,"minecraft:golden_carrot":1,"minecraft:iron_leggings":1,"minecraft:bone_meal":38,"minecraft:stripped_birch_log":1,"minecraft:axolotl_bucket":2,"minecraft:sand":12,"minecraft:gold_nugget":6,"minecraft:glistering_melon_slice":4,"minecraft:iron_pickaxe":1,"minecraft:string":1883,"minecraft:birch_log":11,"minecraft:gold_ingot":5,"minecraft:bone":36,"minecraft:kelp":1,"minecraft:cobbled_deepslate":127,"minecraft:raw_copper":27,"minecraft:tuff":6,"minecraft:diamond_hoe":1,"minecraft:wheat":1,"minecraft:raw_iron":7,"minecraft:pointed_dripstone":3,"minecraft:rotten_flesh":7,"minecraft:oak_planks":114,"minecraft:nether_brick_fence":1,"minecraft:glowstone_dust":3,"minecraft:white_bed":2,"minecraft:ward_armor_trim_smithing_template":1,"minecraft:flint_and_steel":2,"minecraft:big_dripleaf":2,"minecraft:shield":1,"minecraft:gunpowder":3,"minecraft:andesite":15,"minecraft:arrow":13,"minecraft:raw_gold":1,"minecraft:quartz":28},"minecraft:mined":{"minecraft:nether_gold_ore":3,"minecraft:tuff":78,"minecraft:deepslate_diamond_ore":64,"minecraft:sculk_vein":85,"minecraft:obsidian":33,"minecraft:granite":2,"minecraft:nether_bricks":114,"minecraft:cobbled_deepslate_slab":2,"minecraft:grass_block":3,"minecraft:deepslate_bricks":5,"minecraft:deepslate_tile_stairs":2,"minecraft:nether_wart":40,"minecraft:spawner":1,"minecraft:raw_iron_block":2,"minecraft:magma_block":4,"minecraft:redstone_ore":6,"minecraft:glowstone":1,"minecraft:sculk_catalyst":3,"minecraft:furnace":4,"minecraft:fire":6,"minecraft:iron_ore":76,"minecraft:cobbled_deepslate":35,"minecraft:andesite":23,"minecraft:anvil":3,"minecraft:deepslate_lapis_ore":22,"minecraft:nether_brick_fence":25,"minecraft:sculk_shrieker":7,"minecraft:bookshelf":38,"minecraft:pointed_dripstone":3,"minecraft:dirt_path":1,"minecraft:deepslate_iron_ore":93,"minecraft:rail":1,"minecraft:stone":158,"minecraft:tripwire":5,"minecraft:deepslate_redstone_ore":8,"minecraft:blackstone":44,"minecraft:kelp_plant":2,"minecraft:soul_fire":7,"minecraft:basalt":301,"minecraft:crafting_table":9,"minecraft:short_grass":14,"minecraft:blast_furnace":2,"minecraft:emerald_ore":1,"minecraft:chest":7,"minecraft:sculk_sensor":11,"minecraft:cobblestone":3,"minecraft:copper_ore":3,"minecraft:nether_quartz_ore":11,"minecraft:tall_grass":2,"minecraft:deepslate_gold_ore":19,"minecraft:lapis_ore":8,"minecraft:sugar_cane":12,"minecraft:cracked_deepslate_bricks":1,"minecraft:sculk":1109,"minecraft:diorite":12,"minecraft:gray_wool":3,"minecraft:birch_planks":6,"minecraft:birch_log":2,"minecraft:lapis_block":2,"minecraft:cracked_deepslate_tiles":1,"minecraft:coal_ore":97,"minecraft:gravel":1,"minecraft:dripstone_block":9,"minecraft:dirt":11,"minecraft:netherrack":84,"minecraft:gold_ore":5,"minecraft:oak_leaves":3,"minecraft:deepslate":400},"minecraft:used":{"minecraft:flint_and_steel":2,"minecraft:diamond_hoe":1206,"minecraft:chest":16,"minecraft:shield":13,"minecraft:iron_sword":24,"minecraft:player_head":1,"minecraft:rotten_flesh":1,"minecraft:netherrack":63,"minecraft:dirt":14,"minecraft:soul_sand":5,"minecraft:anvil":8,"minecraft:nether_bricks":10,"minecraft:raw_iron_block":8,"minecraft:tuff":43,"minecraft:axolotl_bucket":7,"minecraft:obsidian":33,"minecraft:big_dripleaf":2,"minecraft:bookshelf":38,"minecraft:wooden_axe":7,"minecraft:coal_ore":3,"minecraft:birch_sapling":1,"minecraft:basalt":200,"minecraft:magma_block":4,"minecraft:golden_carrot":56,"minecraft:bow":229,"minecraft:furnace":5,"minecraft:cooked_beef":3,"minecraft:cobbled_deepslate":274,"minecraft:cooked_mutton":4,"minecraft:water_bucket":78,"minecraft:diamond_boots":1,"minecraft:birch_planks":148,"minecraft:stone_pickaxe":42,"minecraft:oak_planks":21,"minecraft:blackstone":12,"minecraft:wooden_pickaxe":17,"minecraft:diamond_axe":80,"minecraft:white_wool":4,"minecraft:blast_furnace":3,"minecraft:crafting_table":15,"minecraft:diamond_pickaxe":1332,"minecraft:cornflower":1,"minecraft:bread":2,"minecraft:string":12,"minecraft:iron_pickaxe":451,"minecraft:stone_axe":58,"minecraft:diamond_sword":159,"minecraft:potion":2,"minecraft:cobblestone":96,"minecraft:cobbled_deepslate_slab":201,"minecraft:porkchop":7,"minecraft:cooked_porkchop":2,"minecraft:bucket":97,"minecraft:andesite":6,"minecraft:lapis_block":2,"minecraft:kelp":308,"minecraft:bone_meal":82,"minecraft:experience_bottle":2}},"DataVersion":3700}