{"stats":{"minecraft:killed_by":{"minecraft:zombie_villager":1,"minecraft:player":7,"minecraft:drowned":2,"minecraft:magma_cube":1,"minecraft:warden":18,"minecraft:skeleton":3,"minecraft:zombie":9},"minecraft:picked_up":{"minecraft:iron_chestplate":1,"minecraft:crafting_table":8,"minecraft:wheat":29,"minecraft:chicken":9,"minecraft:ladder":27,"minecraft:enchanted_book":3,"minecraft:shield":1,"minecraft:oak_trapdoor":1,"minecraft:string":1984,"minecraft:raw_copper":48,"minecraft:iron_leggings":1,"minecraft:deepslate_tiles":1,"minecraft:cobbled_deepslate":159,"minecraft:wooden_shovel":1,"minecraft:light_gray_wool":1,"minecraft:sugar_cane":22,"minecraft:chest":8,"minecraft:birch_sapling":50,"minecraft:furnace":2,"minecraft:diamond_hoe":2,"minecraft:iron_boots":1,"minecraft:egg":1,"minecraft:stick":27,"minecraft:raw_iron":161,"minecraft:birch_trapdoor":2,"minecraft:copper_ingot":27,"minecraft:torch":68,"minecraft:porkchop":28,"minecraft:pointed_dripstone":3,"minecraft:diorite":155,"minecraft:trident":3,"minecraft:carrot":2,"minecraft:redstone":56,"minecraft:rotten_flesh":94,"minecraft:arrow":21,"minecraft:shears":2,"minecraft:saddle":1,"minecraft:ward_armor_trim_smithing_template":2,"minecraft:gold_ingot":29,"minecraft:obsidian":1,"minecraft:glow_berries":3,"minecraft:mutton":9,"minecraft:white_wool":3,"minecraft:cobblestone":871,"minecraft:birch_log":978,"minecraft:magma_block":1,"minecraft:feather":9,"minecraft:magma_cream":6,"minecraft:andesite":54,"minecraft:birch_planks":353,"minecraft:flint":11,"minecraft:tuff":49,"minecraft:gunpowder":5,"minecraft:dirt":375,"minecraft:lapis_lazuli":94,"minecraft:deepslate_tile_slab":1,"minecraft:stripped_birch_log":1,"minecraft:bone":21,"minecraft:bow":3,"minecraft:wheat_seeds":86,"minecraft:raw_gold":16,"minecraft:iron_ingot":48,"minecraft:iron_sword":2,"minecraft:dripstone_block":10,"minecraft:raw_iron_block":1,"minecraft:gravel":144,"minecraft:sand":38,"minecraft:ink_sac":2,"minecraft:spider_eye":9,"minecraft:diamond_shovel":1,"minecraft:diamond":81,"minecraft:stone_axe":1,"minecraft:iron_helmet":1,"minecraft:granite":43,"minecraft:diamond_axe":1,"minecraft:coal":211,"minecraft:diamond_pickaxe":1},"minecraft:killed":{"minecraft:spider":23,"minecraft:skeleton":15,"minecraft:chicken":5,"minecraft:drowned":24,"minecraft:magma_cube":17,"minecraft:pig":10,"minecraft:zombie_villager":1,"minecraft:creeper":8,"minecraft:squid":1,"minecraft:sheep":4,"minecraft:zombie":72,"minecraft:enderman":1},"minecraft:crafted":{"minecraft:raw_iron":9,"minecraft:birch_slab":36,"minecraft:furnace":1,"minecraft:bone_meal":57,"minecraft:diamond_shovel":1,"minecraft:cooked_mutton":4,"minecraft:iron_boots":1,"minecraft:ladder":45,"minecraft:stone_pickaxe":3,"minecraft:chest":20,"minecraft:emerald":35,"minecraft:cooked_porkchop":21,"minecraft:diamond_axe":1,"minecraft:crafting_table":3,"minecraft:wooden_pickaxe":1,"minecraft:iron_helmet":1,"minecraft:iron_sword":1,"minecraft:golden_shovel":3,"minecraft:fletching_table":1,"minecraft:bucket":1,"minecraft:birch_planks":2908,"minecraft:stone_axe":2,"minecraft:bread":164,"minecraft:air":0,"minecraft:white_wool":13,"minecraft:iron_chestplate":2,"minecraft:diamond_pickaxe":1,"minecraft:shield":1,"minecraft:stick":1520,"minecraft:iron_ingot":132,"minecraft:iron_pickaxe":1,"minecraft:iron_leggings":2,"minecraft:gold_ingot":40,"minecraft:white_bed":4,"minecraft:composter":1,"minecraft:torch":72,"minecraft:shears":1},"minecraft:custom":{"minecraft:mob_kills":188,"minecraft:animals_bred":1,"minecraft:interact_with_crafting_table":33,"minecraft:leave_game":37,"minecraft:time_since_death":65897,"minecraft:climb_one_cm":28812,"minecraft:sprint_one_cm":256719,"minecraft:walk_one_cm":1022780,"minecraft:damage_blocked_by_shield":2362,"minecraft:drop":87,"minecraft:talked_to_villager":9,"minecraft:play_time":413390,"minecraft:deaths":49,"minecraft:sneak_time":23972,"minecraft:walk_under_water_one_cm":24721,"minecraft:jump":2281,"minecraft:walk_on_water_one_cm":125039,"minecraft:total_world_time":413390,"minecraft:interact_with_furnace":41,"minecraft:traded_with_villager":62,"minecraft:sleep_in_bed":1,"minecraft:time_since_rest":65901,"minecraft:damage_taken":15022,"minecraft:damage_dealt":33458,"minecraft:player_kills":9,"minecraft:swim_one_cm":60080,"minecraft:fly_one_cm":103859,"minecraft:open_chest":341,"minecraft:crouch_one_cm":52250,"minecraft:fall_one_cm":63583},"minecraft:broken":{"minecraft:iron_chestplate":1,"minecraft:golden_shovel":1,"minecraft:iron_leggings":1,"minecraft:stone_pickaxe":2,"minecraft:iron_sword":1,"minecraft:iron_pickaxe":1},"minecraft:dropped":{"minecraft:bread":64,"minecraft:birch_planks":402,"minecraft:wheat_seeds":1,"minecraft:glass_bottle":1,"minecraft:dripstone_block":10,"minecraft:cobblestone":268,"minecraft:stick":1,"minecraft:dirt":106,"minecraft:diorite":30,"minecraft:ink_sac":2,"minecraft:sand":2,"minecraft:birch_log":8,"minecraft:string":1866,"minecraft:white_wool":2,"minecraft:gravel":64,"minecraft:stone_axe":1,"minecraft:birch_sapling":5,"minecraft:pointed_dripstone":3,"minecraft:rotten_flesh":22,"minecraft:light_gray_wool":1,"minecraft:golden_shovel":1,"minecraft:shears":1,"minecraft:trident":1,"minecraft:wooden_pickaxe":1,"minecraft:bow":2,"minecraft:arrow":4,"minecraft:stone_pickaxe":1},"minecraft:mined":{"minecraft:deepslate_tiles":3,"minecraft:tuff":55,"minecraft:farmland":1,"minecraft:deepslate_diamond_ore":44,"minecraft:sculk_vein":4,"minecraft:obsidian":1,"minecraft:cave_vines_plant":1,"minecraft:ladder":11,"minecraft:granite":43,"minecraft:grass_block":173,"minecraft:tall_seagrass":1,"minecraft:raw_iron_block":1,"minecraft:redstone_ore":5,"minecraft:furnace":2,"minecraft:cobbled_deepslate":11,"minecraft:iron_ore":50,"minecraft:fire":1,"minecraft:andesite":54,"minecraft:sculk_shrieker":3,"minecraft:deepslate_iron_ore":111,"minecraft:dirt_path":1,"minecraft:stone":753,"minecraft:tripwire":70,"minecraft:deepslate_redstone_ore":1,"minecraft:deepslate_tile_slab":1,"minecraft:crafting_table":8,"minecraft:torch":7,"minecraft:short_grass":22,"minecraft:chest":8,"minecraft:sculk_sensor":5,"minecraft:cobblestone":12,"minecraft:copper_ore":8,"minecraft:deepslate_gold_ore":14,"minecraft:lapis_ore":4,"minecraft:sugar_cane":12,"minecraft:sculk":5,"minecraft:diorite":160,"minecraft:wall_torch":7,"minecraft:seagrass":1,"minecraft:birch_planks":266,"minecraft:birch_log":47,"minecraft:wheat":27,"minecraft:birch_leaves":6,"minecraft:coal_ore":95,"minecraft:gravel":133,"minecraft:sand":41,"minecraft:dirt":155,"minecraft:gold_ore":2,"minecraft:deepslate":77},"minecraft:used":{"minecraft:trident":2,"minecraft:ladder":38,"minecraft:diamond_hoe":68,"minecraft:chest":27,"minecraft:shield":65,"minecraft:iron_sword":294,"minecraft:player_head":3,"minecraft:rotten_flesh":11,"minecraft:torch":78,"minecraft:dirt":250,"minecraft:deepslate_tile_slab":1,"minecraft:golden_shovel":35,"minecraft:tuff":39,"minecraft:granite":13,"minecraft:bow":3,"minecraft:furnace":3,"minecraft:egg":1,"minecraft:cobbled_deepslate":25,"minecraft:wheat_seeds":68,"minecraft:cooked_mutton":4,"minecraft:water_bucket":7,"minecraft:diorite":10,"minecraft:birch_planks":1497,"minecraft:stone_pickaxe":352,"minecraft:composter":1,"minecraft:wooden_pickaxe":22,"minecraft:fletching_table":1,"minecraft:diamond_axe":548,"minecraft:sugar_cane":21,"minecraft:glow_berries":3,"minecraft:sand":22,"minecraft:crafting_table":11,"minecraft:white_bed":4,"minecraft:shears":1,"minecraft:diamond_pickaxe":929,"minecraft:diamond_shovel":425,"minecraft:string":3,"minecraft:iron_pickaxe":245,"minecraft:stone_axe":47,"minecraft:potion":1,"minecraft:cobblestone":281,"minecraft:cooked_porkchop":8,"minecraft:andesite":18,"minecraft:bucket":6,"minecraft:birch_log":42,"minecraft:bone_meal":39}},"DataVersion":3700}